{"acc": 0.7888477584133354, "loss": 0.20914403522150346, "_timestamp": 1680709329.2365983, "_runtime": 4.593576192855835, "_step": 7, "_wandb": {"runtime": 3}}